{"cameraMode":{"drawMode":0,"name":"Shaded","section":"Shading Mode"},"sceneLighting":false,"audioPlay":false,"sceneViewState":{"m_AlwaysRefresh":false,"showFog":true,"showSkybox":false,"showFlares":true,"showImageEffects":true,"showParticleSystems":true,"showVisualEffectGraphs":true,"m_FxEnabled":true},"in2DMode":false,"pivot":{"x":1.1209378242492676,"y":1.12967050075531,"z":-10.150898933410645},"rotation":{"x":-0.019776491448283197,"y":-0.9365798830986023,"z":0.051218271255493167,"w":-0.34714624285697939},"size":4.247127056121826,"orthographic":false}