{"cameraMode":{"drawMode":0,"name":"Shaded","section":"Shading Mode"},"sceneLighting":false,"audioPlay":false,"sceneViewState":{"m_AlwaysRefresh":false,"showFog":true,"showSkybox":false,"showFlares":true,"showImageEffects":true,"showParticleSystems":true,"showVisualEffectGraphs":true,"m_FxEnabled":true},"in2DMode":false,"pivot":{"x":0.8112280368804932,"y":7.327096939086914,"z":-1.5050060749053956},"rotation":{"x":0.013288677670061589,"y":0.7812883257865906,"z":-0.016656970605254175,"w":0.6238275766372681},"size":0.8642185926437378,"orthographic":false}