{"cameraMode":{"drawMode":0,"name":"Shaded","section":"Shading Mode"},"sceneLighting":false,"audioPlay":false,"sceneViewState":{"m_AlwaysRefresh":false,"showFog":true,"showSkybox":false,"showFlares":true,"showImageEffects":true,"showParticleSystems":true,"showVisualEffectGraphs":true,"m_FxEnabled":true},"in2DMode":false,"pivot":{"x":-0.19303296506404878,"y":-0.7564001679420471,"z":0.5060030817985535},"rotation":{"x":-0.0046201604418456558,"y":-0.8920081853866577,"z":0.457184374332428,"w":0.002649789210408926},"size":2.4436140060424806,"orthographic":false}